夸老,矫埃措,林巩樊,舅官 锐噶档
乞老,0~6矫,3.7,7
乞老,0~6矫,3.7,1
乞老,0~6矫,3.7,1
乞老,0~6矫,3.7,2
乞老,0~6矫,3.7,2
乞老,0~6矫,3.7,1
乞老,0~6矫,3.7,1
乞老,0~6矫,3.7,1
乞老,0~6矫,3.7,1
乞老,0~6矫,3.7,2
乞老,0~6矫,3.7,1
乞老,0~6矫,3.7,5
乞老,0~6矫,3.7,3
乞老,0~6矫,3.7,2
乞老,0~6矫,3.7,1
乞老,0~6矫,3.7,1
乞老,0~6矫,3.7,1
乞老,0~6矫,3.7,7
乞老,0~6矫,3.7,1
乞老,0~6矫,3.7,7
乞老,0~6矫,3.7,2
乞老,0~6矫,3.7,4
乞老,0~6矫,3.7,1
乞老,0~6矫,3.7,5
乞老,0~6矫,3.7,1
乞老,0~6矫,3.7,1
乞老,0~6矫,3.7,1
乞老,0~6矫,3.7,1
乞老,0~6矫,3.7,1
乞老,0~6矫,3.7,1
乞老,0~6矫,3.7,1
乞老,0~6矫,3.7,1
乞老,0~6矫,3.7,1
乞老,0~6矫,3.7,2
乞老,0~6矫,3.7,5
乞老,0~6矫,3.7,1
乞老,0~6矫,3.7,3
乞老,0~6矫,3.7,1
乞老,0~6矫,3.7,7
乞老,0~6矫,3.7,7
乞老,0~6矫,3.7,1
乞老,0~6矫,3.7,1
乞老,0~6矫,3.7,1
乞老,0~6矫,3.7,2
乞老,0~6矫,3.7,1
乞老,0~6矫,0.6,3
乞老,0~6矫,0.6,1
乞老,0~6矫,0.6,2
乞老,0~6矫,0.6,1
乞老,0~6矫,0.6,1
乞老,0~6矫,0.6,2
乞老,0~6矫,0.6,4
乞老,0~6矫,0.6,1
乞老,0~6矫,0.6,1
乞老,0~6矫,0.6,3
乞老,0~6矫,0.6,1
乞老,0~6矫,0.6,7
乞老,0~6矫,0.6,3
乞老,0~6矫,0.6,2
乞老,0~6矫,0.6,4
乞老,0~6矫,0.6,1
乞老,0~6矫,0.6,2
乞老,0~6矫,0.6,7
乞老,0~6矫,0.6,3
乞老,0~6矫,0.6,7
乞老,0~6矫,0.6,3
乞老,0~6矫,0.6,4
乞老,0~6矫,0.6,1
乞老,0~6矫,0.6,5
乞老,0~6矫,0.6,1
乞老,0~6矫,0.6,5
乞老,0~6矫,0.6,4
乞老,0~6矫,0.6,6
乞老,0~6矫,0.6,1
乞老,0~6矫,0.6,1
乞老,0~6矫,0.6,1
乞老,0~6矫,0.6,1
乞老,0~6矫,0.6,7
乞老,0~6矫,0.6,2
乞老,0~6矫,0.6,3
乞老,0~6矫,0.6,1
乞老,0~6矫,0.6,5
乞老,0~6矫,0.6,1
乞老,0~6矫,0.6,7
乞老,0~6矫,0.6,7
乞老,0~6矫,0.6,1
乞老,0~6矫,0.6,1
乞老,0~6矫,0.6,1
乞老,0~6矫,0.6,3
乞老,0~6矫,0.6,1
乞老,0~6矫,1,3
乞老,0~6矫,1,1
乞老,0~6矫,1,1
乞老,0~6矫,1,1
乞老,0~6矫,1,2
乞老,0~6矫,1,1
乞老,0~6矫,1,2
乞老,0~6矫,1,1
乞老,0~6矫,1,1
乞老,0~6矫,1,3
乞老,0~6矫,1,1
乞老,0~6矫,1,6
乞老,0~6矫,1,5
乞老,0~6矫,1,2
乞老,0~6矫,1,5
乞老,0~6矫,1,1
乞老,0~6矫,1,2
乞老,0~6矫,1,7
乞老,0~6矫,1,2
乞老,0~6矫,1,7
乞老,0~6矫,1,3
乞老,0~6矫,1,4
乞老,0~6矫,1,1
乞老,0~6矫,1,4
乞老,0~6矫,1,1
乞老,0~6矫,1,5
乞老,0~6矫,1,2
乞老,0~6矫,1,1
乞老,0~6矫,1,1
乞老,0~6矫,1,1
乞老,0~6矫,1,1
乞老,0~6矫,1,1
乞老,0~6矫,1,7
乞老,0~6矫,1,2
乞老,0~6矫,1,4
乞老,0~6矫,1,1
乞老,0~6矫,1,4
乞老,0~6矫,1,1
乞老,0~6矫,1,7
乞老,0~6矫,1,7
乞老,0~6矫,1,1
乞老,0~6矫,1,1
乞老,0~6矫,1,1
乞老,0~6矫,1,4
乞老,0~6矫,1,1
乞老,6~11矫,15.8,5
乞老,6~11矫,15.8,3
乞老,6~11矫,15.8,2
乞老,6~11矫,15.8,2
乞老,6~11矫,15.8,5
乞老,6~11矫,15.8,2
乞老,6~11矫,15.8,7
乞老,6~11矫,15.8,2
乞老,6~11矫,15.8,1
乞老,6~11矫,15.8,3
乞老,6~11矫,15.8,6
乞老,6~11矫,15.8,1
乞老,6~11矫,15.8,2
乞老,6~11矫,15.8,2
乞老,6~11矫,15.8,3
乞老,6~11矫,15.8,1
乞老,6~11矫,15.8,2
乞老,6~11矫,15.8,2
乞老,6~11矫,15.8,3
乞老,6~11矫,15.8,1
乞老,6~11矫,15.8,4
乞老,6~11矫,15.8,5
乞老,6~11矫,15.8,1
乞老,6~11矫,15.8,4
乞老,6~11矫,15.8,3
乞老,6~11矫,15.8,3
乞老,6~11矫,15.8,2
乞老,6~11矫,15.8,4
乞老,6~11矫,15.8,5
乞老,6~11矫,15.8,1
乞老,6~11矫,15.8,1
乞老,6~11矫,15.8,4
乞老,6~11矫,15.8,1
乞老,6~11矫,15.8,2
乞老,6~11矫,15.8,4
乞老,6~11矫,15.8,6
乞老,6~11矫,15.8,2
乞老,6~11矫,15.8,6
乞老,6~11矫,15.8,5
乞老,6~11矫,15.8,6
乞老,6~11矫,15.8,3
乞老,6~11矫,15.8,5
乞老,6~11矫,15.8,3
乞老,6~11矫,15.8,2
乞老,6~11矫,15.8,1
乞老,6~11矫,7.6,3
乞老,6~11矫,7.6,3
乞老,6~11矫,7.6,2
乞老,6~11矫,7.6,3
乞老,6~11矫,7.6,6
乞老,6~11矫,7.6,1
乞老,6~11矫,7.6,7
乞老,6~11矫,7.6,2
乞老,6~11矫,7.6,1
乞老,6~11矫,7.6,4
乞老,6~11矫,7.6,6
乞老,6~11矫,7.6,2
乞老,6~11矫,7.6,6
乞老,6~11矫,7.6,2
乞老,6~11矫,7.6,5
乞老,6~11矫,7.6,1
乞老,6~11矫,7.6,3
乞老,6~11矫,7.6,2
乞老,6~11矫,7.6,5
乞老,6~11矫,7.6,4
乞老,6~11矫,7.6,5
乞老,6~11矫,7.6,6
乞老,6~11矫,7.6,1
乞老,6~11矫,7.6,5
乞老,6~11矫,7.6,3
乞老,6~11矫,7.6,4
乞老,6~11矫,7.6,4
乞老,6~11矫,7.6,7
乞老,6~11矫,7.6,6
乞老,6~11矫,7.6,1
乞老,6~11矫,7.6,1
乞老,6~11矫,7.6,7
乞老,6~11矫,7.6,7
乞老,6~11矫,7.6,2
乞老,6~11矫,7.6,5
乞老,6~11矫,7.6,6
乞老,6~11矫,7.6,3
乞老,6~11矫,7.6,6
乞老,6~11矫,7.6,6
乞老,6~11矫,7.6,7
乞老,6~11矫,7.6,3
乞老,6~11矫,7.6,6
乞老,6~11矫,7.6,3
乞老,6~11矫,7.6,4
乞老,6~11矫,7.6,1
乞老,6~11矫,6.7,3
乞老,6~11矫,6.7,3
乞老,6~11矫,6.7,2
乞老,6~11矫,6.7,2
乞老,6~11矫,6.7,6
乞老,6~11矫,6.7,2
乞老,6~11矫,6.7,7
乞老,6~11矫,6.7,2
乞老,6~11矫,6.7,1
乞老,6~11矫,6.7,4
乞老,6~11矫,6.7,6
乞老,6~11矫,6.7,2
乞老,6~11矫,6.7,6
乞老,6~11矫,6.7,3
乞老,6~11矫,6.7,4
乞老,6~11矫,6.7,1
乞老,6~11矫,6.7,2
乞老,6~11矫,6.7,2
乞老,6~11矫,6.7,6
乞老,6~11矫,6.7,4
乞老,6~11矫,6.7,5
乞老,6~11矫,6.7,7
乞老,6~11矫,6.7,1
乞老,6~11矫,6.7,5
乞老,6~11矫,6.7,3
乞老,6~11矫,6.7,6
乞老,6~11矫,6.7,2
乞老,6~11矫,6.7,7
乞老,6~11矫,6.7,6
乞老,6~11矫,6.7,1
乞老,6~11矫,6.7,1
乞老,6~11矫,6.7,7
乞老,6~11矫,6.7,7
乞老,6~11矫,6.7,2
乞老,6~11矫,6.7,6
乞老,6~11矫,6.7,6
乞老,6~11矫,6.7,4
乞老,6~11矫,6.7,6
乞老,6~11矫,6.7,6
乞老,6~11矫,6.7,6
乞老,6~11矫,6.7,5
乞老,6~11矫,6.7,4
乞老,6~11矫,6.7,3
乞老,6~11矫,6.7,3
乞老,6~11矫,6.7,1
乞老,11~14矫,36.3,4
乞老,11~14矫,36.3,3
乞老,11~14矫,36.3,5
乞老,11~14矫,36.3,5
乞老,11~14矫,36.3,4
乞老,11~14矫,36.3,1
乞老,11~14矫,36.3,2
乞老,11~14矫,36.3,5
乞老,11~14矫,36.3,4
乞老,11~14矫,36.3,4
乞老,11~14矫,36.3,4
乞老,11~14矫,36.3,1
乞老,11~14矫,36.3,2
乞老,11~14矫,36.3,2
乞老,11~14矫,36.3,1
乞老,11~14矫,36.3,2
乞老,11~14矫,36.3,3
乞老,11~14矫,36.3,1
乞老,11~14矫,36.3,2
乞老,11~14矫,36.3,1
乞老,11~14矫,36.3,5
乞老,11~14矫,36.3,2
乞老,11~14矫,36.3,1
乞老,11~14矫,36.3,2
乞老,11~14矫,36.3,3
乞老,11~14矫,36.3,1
乞老,11~14矫,36.3,1
乞老,11~14矫,36.3,1
乞老,11~14矫,36.3,1
乞老,11~14矫,36.3,5
乞老,11~14矫,36.3,2
乞老,11~14矫,36.3,1
乞老,11~14矫,36.3,1
乞老,11~14矫,36.3,3
乞老,11~14矫,36.3,2
乞老,11~14矫,36.3,2
乞老,11~14矫,36.3,1
乞老,11~14矫,36.3,5
乞老,11~14矫,36.3,4
乞老,11~14矫,36.3,4
乞老,11~14矫,36.3,2
乞老,11~14矫,36.3,5
乞老,11~14矫,36.3,4
乞老,11~14矫,36.3,4
乞老,11~14矫,36.3,5
乞老,11~14矫,24.4,3
乞老,11~14矫,24.4,4
乞老,11~14矫,24.4,6
乞老,11~14矫,24.4,2
乞老,11~14矫,24.4,4
乞老,11~14矫,24.4,2
乞老,11~14矫,24.4,2
乞老,11~14矫,24.4,6
乞老,11~14矫,24.4,4
乞老,11~14矫,24.4,5
乞老,11~14矫,24.4,4
乞老,11~14矫,24.4,1
乞老,11~14矫,24.4,2
乞老,11~14矫,24.4,3
乞老,11~14矫,24.4,5
乞老,11~14矫,24.4,3
乞老,11~14矫,24.4,4
乞老,11~14矫,24.4,1
乞老,11~14矫,24.4,2
乞老,11~14矫,24.4,1
乞老,11~14矫,24.4,6
乞老,11~14矫,24.4,2
乞老,11~14矫,24.4,1
乞老,11~14矫,24.4,4
乞老,11~14矫,24.4,3
乞老,11~14矫,24.4,2
乞老,11~14矫,24.4,1
乞老,11~14矫,24.4,1
乞老,11~14矫,24.4,2
乞老,11~14矫,24.4,6
乞老,11~14矫,24.4,3
乞老,11~14矫,24.4,2
乞老,11~14矫,24.4,7
乞老,11~14矫,24.4,5
乞老,11~14矫,24.4,3
乞老,11~14矫,24.4,4
乞老,11~14矫,24.4,1
乞老,11~14矫,24.4,6
乞老,11~14矫,24.4,4
乞老,11~14矫,24.4,6
乞老,11~14矫,24.4,3
乞老,11~14矫,24.4,5
乞老,11~14矫,24.4,5
乞老,11~14矫,24.4,3
乞老,11~14矫,24.4,6
乞老,11~14矫,15.9,5
乞老,11~14矫,15.9,4
乞老,11~14矫,15.9,7
乞老,11~14矫,15.9,5
乞老,11~14矫,15.9,6
乞老,11~14矫,15.9,1
乞老,11~14矫,15.9,5
乞老,11~14矫,15.9,7
乞老,11~14矫,15.9,4
乞老,11~14矫,15.9,5
乞老,11~14矫,15.9,6
乞老,11~14矫,15.9,1
乞老,11~14矫,15.9,4
乞老,11~14矫,15.9,4
乞老,11~14矫,15.9,7
乞老,11~14矫,15.9,5
乞老,11~14矫,15.9,6
乞老,11~14矫,15.9,1
乞老,11~14矫,15.9,2
乞老,11~14矫,15.9,2
乞老,11~14矫,15.9,7
乞老,11~14矫,15.9,2
乞老,11~14矫,15.9,1
乞老,11~14矫,15.9,5
乞老,11~14矫,15.9,3
乞老,11~14矫,15.9,4
乞老,11~14矫,15.9,1
乞老,11~14矫,15.9,1
乞老,11~14矫,15.9,3
乞老,11~14矫,15.9,7
乞老,11~14矫,15.9,5
乞老,11~14矫,15.9,3
乞老,11~14矫,15.9,7
乞老,11~14矫,15.9,5
乞老,11~14矫,15.9,4
乞老,11~14矫,15.9,7
乞老,11~14矫,15.9,2
乞老,11~14矫,15.9,6
乞老,11~14矫,15.9,4
乞老,11~14矫,15.9,7
乞老,11~14矫,15.9,4
乞老,11~14矫,15.9,5
乞老,11~14矫,15.9,5
乞老,11~14矫,15.9,5
乞老,11~14矫,15.9,7
乞老,14矫~17矫,70.3,3
乞老,14矫~17矫,70.3,1
乞老,14矫~17矫,70.3,2
乞老,14矫~17矫,70.3,3
乞老,14矫~17矫,70.3,4
乞老,14矫~17矫,70.3,1
乞老,14矫~17矫,70.3,1
乞老,14矫~17矫,70.3,2
乞老,14矫~17矫,70.3,5
乞老,14矫~17矫,70.3,2
乞老,14矫~17矫,70.3,1
乞老,14矫~17矫,70.3,1
乞老,14矫~17矫,70.3,1
乞老,14矫~17矫,70.3,2
乞老,14矫~17矫,70.3,1
乞老,14矫~17矫,70.3,1
乞老,14矫~17矫,70.3,2
乞老,14矫~17矫,70.3,1
乞老,14矫~17矫,70.3,1
乞老,14矫~17矫,70.3,1
乞老,14矫~17矫,70.3,3
乞老,14矫~17矫,70.3,1
乞老,14矫~17矫,70.3,1
乞老,14矫~17矫,70.3,2
乞老,14矫~17矫,70.3,3
乞老,14矫~17矫,70.3,1
乞老,14矫~17矫,70.3,1
乞老,14矫~17矫,70.3,1
乞老,14矫~17矫,70.3,1
乞老,14矫~17矫,70.3,1
乞老,14矫~17矫,70.3,2
乞老,14矫~17矫,70.3,1
乞老,14矫~17矫,70.3,1
乞老,14矫~17矫,70.3,3
乞老,14矫~17矫,70.3,1
乞老,14矫~17矫,70.3,1
乞老,14矫~17矫,70.3,1
乞老,14矫~17矫,70.3,4
乞老,14矫~17矫,70.3,3
乞老,14矫~17矫,70.3,1
乞老,14矫~17矫,70.3,1
乞老,14矫~17矫,70.3,5
乞老,14矫~17矫,70.3,4
乞老,14矫~17矫,70.3,4
乞老,14矫~17矫,70.3,2
乞老,14矫~17矫,51.1,5
乞老,14矫~17矫,51.1,2
乞老,14矫~17矫,51.1,3
乞老,14矫~17矫,51.1,2
乞老,14矫~17矫,51.1,4
乞老,14矫~17矫,51.1,2
乞老,14矫~17矫,51.1,1
乞老,14矫~17矫,51.1,4
乞老,14矫~17矫,51.1,5
乞老,14矫~17矫,51.1,5
乞老,14矫~17矫,51.1,1
乞老,14矫~17矫,51.1,1
乞老,14矫~17矫,51.1,2
乞老,14矫~17矫,51.1,3
乞老,14矫~17矫,51.1,5
乞老,14矫~17矫,51.1,3
乞老,14矫~17矫,51.1,2
乞老,14矫~17矫,51.1,1
乞老,14矫~17矫,51.1,1
乞老,14矫~17矫,51.1,1
乞老,14矫~17矫,51.1,3
乞老,14矫~17矫,51.1,1
乞老,14矫~17矫,51.1,1
乞老,14矫~17矫,51.1,1
乞老,14矫~17矫,51.1,3
乞老,14矫~17矫,51.1,1
乞老,14矫~17矫,51.1,1
乞老,14矫~17矫,51.1,1
乞老,14矫~17矫,51.1,1
乞老,14矫~17矫,51.1,1
乞老,14矫~17矫,51.1,2
乞老,14矫~17矫,51.1,1
乞老,14矫~17矫,51.1,1
乞老,14矫~17矫,51.1,3
乞老,14矫~17矫,51.1,1
乞老,14矫~17矫,51.1,1
乞老,14矫~17矫,51.1,1
乞老,14矫~17矫,51.1,5
乞老,14矫~17矫,51.1,4
乞老,14矫~17矫,51.1,1
乞老,14矫~17矫,51.1,1
乞老,14矫~17矫,51.1,6
乞老,14矫~17矫,51.1,5
乞老,14矫~17矫,51.1,6
乞老,14矫~17矫,51.1,3
乞老,14矫~17矫,32,5
乞老,14矫~17矫,32,4
乞老,14矫~17矫,32,4
乞老,14矫~17矫,32,5
乞老,14矫~17矫,32,7
乞老,14矫~17矫,32,1
乞老,14矫~17矫,32,3
乞老,14矫~17矫,32,6
乞老,14矫~17矫,32,5
乞老,14矫~17矫,32,5
乞老,14矫~17矫,32,1
乞老,14矫~17矫,32,1
乞老,14矫~17矫,32,3
乞老,14矫~17矫,32,5
乞老,14矫~17矫,32,7
乞老,14矫~17矫,32,5
乞老,14矫~17矫,32,3
乞老,14矫~17矫,32,1
乞老,14矫~17矫,32,2
乞老,14矫~17矫,32,1
乞老,14矫~17矫,32,4
乞老,14矫~17矫,32,1
乞老,14矫~17矫,32,1
乞老,14矫~17矫,32,2
乞老,14矫~17矫,32,3
乞老,14矫~17矫,32,1
乞老,14矫~17矫,32,5
乞老,14矫~17矫,32,5
乞老,14矫~17矫,32,2
乞老,14矫~17矫,32,4
乞老,14矫~17矫,32,5
乞老,14矫~17矫,32,1
乞老,14矫~17矫,32,1
乞老,14矫~17矫,32,6
乞老,14矫~17矫,32,5
乞老,14矫~17矫,32,3
乞老,14矫~17矫,32,2
乞老,14矫~17矫,32,7
乞老,14矫~17矫,32,4
乞老,14矫~17矫,32,1
乞老,14矫~17矫,32,1
乞老,14矫~17矫,32,5
乞老,14矫~17矫,32,7
乞老,14矫~17矫,32,4
乞老,14矫~17矫,32,5
乞老,17~21矫,65.3,2
乞老,17~21矫,65.3,3
乞老,17~21矫,65.3,2
乞老,17~21矫,65.3,3
乞老,17~21矫,65.3,4
乞老,17~21矫,65.3,2
乞老,17~21矫,65.3,1
乞老,17~21矫,65.3,2
乞老,17~21矫,65.3,4
乞老,17~21矫,65.3,3
乞老,17~21矫,65.3,1
乞老,17~21矫,65.3,1
乞老,17~21矫,65.3,1
乞老,17~21矫,65.3,2
乞老,17~21矫,65.3,1
乞老,17~21矫,65.3,1
乞老,17~21矫,65.3,2
乞老,17~21矫,65.3,1
乞老,17~21矫,65.3,1
乞老,17~21矫,65.3,1
乞老,17~21矫,65.3,5
乞老,17~21矫,65.3,1
乞老,17~21矫,65.3,1
乞老,17~21矫,65.3,1
乞老,17~21矫,65.3,3
乞老,17~21矫,65.3,1
乞老,17~21矫,65.3,2
乞老,17~21矫,65.3,1
乞老,17~21矫,65.3,1
乞老,17~21矫,65.3,1
乞老,17~21矫,65.3,2
乞老,17~21矫,65.3,1
乞老,17~21矫,65.3,1
乞老,17~21矫,65.3,3
乞老,17~21矫,65.3,2
乞老,17~21矫,65.3,2
乞老,17~21矫,65.3,1
乞老,17~21矫,65.3,5
乞老,17~21矫,65.3,3
乞老,17~21矫,65.3,1
乞老,17~21矫,65.3,1
乞老,17~21矫,65.3,6
乞老,17~21矫,65.3,3
乞老,17~21矫,65.3,4
乞老,17~21矫,65.3,2
乞老,17~21矫,22.7,3
乞老,17~21矫,22.7,5
乞老,17~21矫,22.7,6
乞老,17~21矫,22.7,3
乞老,17~21矫,22.7,7
乞老,17~21矫,22.7,1
乞老,17~21矫,22.7,6
乞老,17~21矫,22.7,6
乞老,17~21矫,22.7,4
乞老,17~21矫,22.7,5
乞老,17~21矫,22.7,1
乞老,17~21矫,22.7,1
乞老,17~21矫,22.7,4
乞老,17~21矫,22.7,6
乞老,17~21矫,22.7,6
乞老,17~21矫,22.7,4
乞老,17~21矫,22.7,6
乞老,17~21矫,22.7,4
乞老,17~21矫,22.7,2
乞老,17~21矫,22.7,2
乞老,17~21矫,22.7,7
乞老,17~21矫,22.7,1
乞老,17~21矫,22.7,1
乞老,17~21矫,22.7,3
乞老,17~21矫,22.7,3
乞老,17~21矫,22.7,2
乞老,17~21矫,22.7,4
乞老,17~21矫,22.7,5
乞老,17~21矫,22.7,3
乞老,17~21矫,22.7,6
乞老,17~21矫,22.7,6
乞老,17~21矫,22.7,5
乞老,17~21矫,22.7,1
乞老,17~21矫,22.7,6
乞老,17~21矫,22.7,4
乞老,17~21矫,22.7,7
乞老,17~21矫,22.7,5
乞老,17~21矫,22.7,6
乞老,17~21矫,22.7,5
乞老,17~21矫,22.7,5
乞老,17~21矫,22.7,1
乞老,17~21矫,22.7,5
乞老,17~21矫,22.7,6
乞老,17~21矫,22.7,5
乞老,17~21矫,22.7,6
乞老,17~21矫,14.2,4
乞老,17~21矫,14.2,6
乞老,17~21矫,14.2,4
乞老,17~21矫,14.2,5
乞老,17~21矫,14.2,7
乞老,17~21矫,14.2,2
乞老,17~21矫,14.2,7
乞老,17~21矫,14.2,7
乞老,17~21矫,14.2,7
乞老,17~21矫,14.2,6
乞老,17~21矫,14.2,1
乞老,17~21矫,14.2,5
乞老,17~21矫,14.2,5
乞老,17~21矫,14.2,7
乞老,17~21矫,14.2,6
乞老,17~21矫,14.2,6
乞老,17~21矫,14.2,7
乞老,17~21矫,14.2,6
乞老,17~21矫,14.2,2
乞老,17~21矫,14.2,4
乞老,17~21矫,14.2,7
乞老,17~21矫,14.2,1
乞老,17~21矫,14.2,1
乞老,17~21矫,14.2,3
乞老,17~21矫,14.2,3
乞老,17~21矫,14.2,4
乞老,17~21矫,14.2,6
乞老,17~21矫,14.2,5
乞老,17~21矫,14.2,5
乞老,17~21矫,14.2,7
乞老,17~21矫,14.2,7
乞老,17~21矫,14.2,7
乞老,17~21矫,14.2,1
乞老,17~21矫,14.2,7
乞老,17~21矫,14.2,5
乞老,17~21矫,14.2,7
乞老,17~21矫,14.2,6
乞老,17~21矫,14.2,7
乞老,17~21矫,14.2,5
乞老,17~21矫,14.2,7
乞老,17~21矫,14.2,3
乞老,17~21矫,14.2,5
乞老,17~21矫,14.2,6
乞老,17~21矫,14.2,3
乞老,17~21矫,14.2,7
乞老,21~24矫,4.5,1
乞老,21~24矫,4.5,5
乞老,21~24矫,4.5,2
乞老,21~24矫,4.5,2
乞老,21~24矫,4.5,2
乞老,21~24矫,4.5,1
乞老,21~24矫,4.5,7
乞老,21~24矫,4.5,2
乞老,21~24矫,4.5,7
乞老,21~24矫,4.5,6
乞老,21~24矫,4.5,1
乞老,21~24矫,4.5,5
乞老,21~24矫,4.5,6
乞老,21~24矫,4.5,5
乞老,21~24矫,4.5,6
乞老,21~24矫,4.5,3
乞老,21~24矫,4.5,5
乞老,21~24矫,4.5,6
乞老,21~24矫,4.5,6
乞老,21~24矫,4.5,6
乞老,21~24矫,4.5,7
乞老,21~24矫,4.5,7
乞老,21~24矫,4.5,1
乞老,21~24矫,4.5,3
乞老,21~24矫,4.5,5
乞老,21~24矫,4.5,5
乞老,21~24矫,4.5,6
乞老,21~24矫,4.5,6
乞老,21~24矫,4.5,4
乞老,21~24矫,4.5,1
乞老,21~24矫,4.5,3
乞老,21~24矫,4.5,7
乞老,21~24矫,4.5,1
乞老,21~24矫,4.5,6
乞老,21~24矫,4.5,5
乞老,21~24矫,4.5,2
乞老,21~24矫,4.5,6
乞老,21~24矫,4.5,4
乞老,21~24矫,4.5,5
乞老,21~24矫,4.5,7
乞老,21~24矫,4.5,4
乞老,21~24矫,4.5,5
乞老,21~24矫,4.5,3
乞老,21~24矫,4.5,3
乞老,21~24矫,4.5,4
乞老,21~24矫,0.4,4
乞老,21~24矫,0.4,5
乞老,21~24矫,0.4,2
乞老,21~24矫,0.4,2
乞老,21~24矫,0.4,1
乞老,21~24矫,0.4,2
乞老,21~24矫,0.4,7
乞老,21~24矫,0.4,1
乞老,21~24矫,0.4,7
乞老,21~24矫,0.4,6
乞老,21~24矫,0.4,1
乞老,21~24矫,0.4,7
乞老,21~24矫,0.4,5
乞老,21~24矫,0.4,6
乞老,21~24矫,0.4,7
乞老,21~24矫,0.4,4
乞老,21~24矫,0.4,5
乞老,21~24矫,0.4,7
乞老,21~24矫,0.4,6
乞老,21~24矫,0.4,6
乞老,21~24矫,0.4,7
乞老,21~24矫,0.4,7
乞老,21~24矫,0.4,1
乞老,21~24矫,0.4,3
乞老,21~24矫,0.4,5
乞老,21~24矫,0.4,7
乞老,21~24矫,0.4,7
乞老,21~24矫,0.4,7
乞老,21~24矫,0.4,3
乞老,21~24矫,0.4,1
乞老,21~24矫,0.4,3
乞老,21~24矫,0.4,7
乞老,21~24矫,0.4,1
乞老,21~24矫,0.4,7
乞老,21~24矫,0.4,7
乞老,21~24矫,0.4,2
乞老,21~24矫,0.4,6
乞老,21~24矫,0.4,3
乞老,21~24矫,0.4,7
乞老,21~24矫,0.4,7
乞老,21~24矫,0.4,4
乞老,21~24矫,0.4,5
乞老,21~24矫,0.4,3
乞老,21~24矫,0.4,5
乞老,21~24矫,0.4,5
乞老,21~24矫,0.2,5
乞老,21~24矫,0.2,6
乞老,21~24矫,0.2,1
乞老,21~24矫,0.2,2
乞老,21~24矫,0.2,1
乞老,21~24矫,0.2,1
乞老,21~24矫,0.2,7
乞老,21~24矫,0.2,1
乞老,21~24矫,0.2,7
乞老,21~24矫,0.2,6
乞老,21~24矫,0.2,1
乞老,21~24矫,0.2,7
乞老,21~24矫,0.2,5
乞老,21~24矫,0.2,6
乞老,21~24矫,0.2,7
乞老,21~24矫,0.2,5
乞老,21~24矫,0.2,5
乞老,21~24矫,0.2,7
乞老,21~24矫,0.2,7
乞老,21~24矫,0.2,6
乞老,21~24矫,0.2,7
乞老,21~24矫,0.2,7
乞老,21~24矫,0.2,1
乞老,21~24矫,0.2,4
乞老,21~24矫,0.2,5
乞老,21~24矫,0.2,6
乞老,21~24矫,0.2,7
乞老,21~24矫,0.2,7
乞老,21~24矫,0.2,2
乞老,21~24矫,0.2,1
乞老,21~24矫,0.2,3
乞老,21~24矫,0.2,7
乞老,21~24矫,0.2,1
乞老,21~24矫,0.2,7
乞老,21~24矫,0.2,7
乞老,21~24矫,0.2,2
乞老,21~24矫,0.2,6
乞老,21~24矫,0.2,3
乞老,21~24矫,0.2,7
乞老,21~24矫,0.2,7
乞老,21~24矫,0.2,4
乞老,21~24矫,0.2,5
乞老,21~24矫,0.2,3
乞老,21~24矫,0.2,5
乞老,21~24矫,0.2,1
林富,0~6矫,4,5
林富,0~6矫,4,1
林富,0~6矫,4,1
林富,0~6矫,4,1
林富,0~6矫,4,2
林富,0~6矫,4,2
林富,0~6矫,4,2
林富,0~6矫,4,1
林富,0~6矫,4,1
林富,0~6矫,4,1
林富,0~6矫,4,1
林富,0~6矫,4,5
林富,0~6矫,4,2
林富,0~6矫,4,2
林富,0~6矫,4,4
林富,0~6矫,4,1
林富,0~6矫,4,1
林富,0~6矫,4,7
林富,0~6矫,4,4
林富,0~6矫,4,7
林富,0~6矫,4,3
林富,0~6矫,4,4
林富,0~6矫,4,1
林富,0~6矫,4,3
林富,0~6矫,4,3
林富,0~6矫,4,5
林富,0~6矫,4,2
林富,0~6矫,4,1
林富,0~6矫,4,2
林富,0~6矫,4,1
林富,0~6矫,4,1
林富,0~6矫,4,1
林富,0~6矫,4,1
林富,0~6矫,4,1
林富,0~6矫,4,5
林富,0~6矫,4,1
林富,0~6矫,4,3
林富,0~6矫,4,1
林富,0~6矫,4,4
林富,0~6矫,4,7
林富,0~6矫,4,1
林富,0~6矫,4,1
林富,0~6矫,4,1
林富,0~6矫,4,3
林富,0~6矫,4,1
林富,0~6矫,0.7,3
林富,0~6矫,0.7,1
林富,0~6矫,0.7,2
林富,0~6矫,0.7,1
林富,0~6矫,0.7,1
林富,0~6矫,0.7,1
林富,0~6矫,0.7,2
林富,0~6矫,0.7,1
林富,0~6矫,0.7,1
林富,0~6矫,0.7,2
林富,0~6矫,0.7,1
林富,0~6矫,0.7,6
林富,0~6矫,0.7,3
林富,0~6矫,0.7,2
林富,0~6矫,0.7,7
林富,0~6矫,0.7,1
林富,0~6矫,0.7,1
林富,0~6矫,0.7,7
林富,0~6矫,0.7,5
林富,0~6矫,0.7,7
林富,0~6矫,0.7,3
林富,0~6矫,0.7,4
林富,0~6矫,0.7,1
林富,0~6矫,0.7,4
林富,0~6矫,0.7,3
林富,0~6矫,0.7,5
林富,0~6矫,0.7,4
林富,0~6矫,0.7,7
林富,0~6矫,0.7,2
林富,0~6矫,0.7,1
林富,0~6矫,0.7,1
林富,0~6矫,0.7,1
林富,0~6矫,0.7,7
林富,0~6矫,0.7,1
林富,0~6矫,0.7,6
林富,0~6矫,0.7,1
林富,0~6矫,0.7,5
林富,0~6矫,0.7,1
林富,0~6矫,0.7,7
林富,0~6矫,0.7,7
林富,0~6矫,0.7,1
林富,0~6矫,0.7,1
林富,0~6矫,0.7,1
林富,0~6矫,0.7,2
林富,0~6矫,0.7,1
林富,0~6矫,1.3,4
林富,0~6矫,1.3,1
林富,0~6矫,1.3,1
林富,0~6矫,1.3,1
林富,0~6矫,1.3,1
林富,0~6矫,1.3,2
林富,0~6矫,1.3,2
林富,0~6矫,1.3,1
林富,0~6矫,1.3,1
林富,0~6矫,1.3,2
林富,0~6矫,1.3,1
林富,0~6矫,1.3,5
林富,0~6矫,1.3,4
林富,0~6矫,1.3,2
林富,0~6矫,1.3,6
林富,0~6矫,1.3,1
林富,0~6矫,1.3,1
林富,0~6矫,1.3,7
林富,0~6矫,1.3,4
林富,0~6矫,1.3,7
林富,0~6矫,1.3,3
林富,0~6矫,1.3,4
林富,0~6矫,1.3,1
林富,0~6矫,1.3,3
林富,0~6矫,1.3,1
林富,0~6矫,1.3,5
林富,0~6矫,1.3,4
林富,0~6矫,1.3,6
林富,0~6矫,1.3,2
林富,0~6矫,1.3,1
林富,0~6矫,1.3,1
林富,0~6矫,1.3,1
林富,0~6矫,1.3,7
林富,0~6矫,1.3,1
林富,0~6矫,1.3,6
林富,0~6矫,1.3,1
林富,0~6矫,1.3,4
林富,0~6矫,1.3,1
林富,0~6矫,1.3,7
林富,0~6矫,1.3,7
林富,0~6矫,1.3,1
林富,0~6矫,1.3,1
林富,0~6矫,1.3,1
林富,0~6矫,1.3,5
林富,0~6矫,1.3,1
林富,6~11矫,17.1,4
林富,6~11矫,17.1,1
林富,6~11矫,17.1,6
林富,6~11矫,17.1,3
林富,6~11矫,17.1,4
林富,6~11矫,17.1,1
林富,6~11矫,17.1,7
林富,6~11矫,17.1,3
林富,6~11矫,17.1,1
林富,6~11矫,17.1,6
林富,6~11矫,17.1,7
林富,6~11矫,17.1,2
林富,6~11矫,17.1,4
林富,6~11矫,17.1,4
林富,6~11矫,17.1,5
林富,6~11矫,17.1,1
林富,6~11矫,17.1,4
林富,6~11矫,17.1,1
林富,6~11矫,17.1,2
林富,6~11矫,17.1,3
林富,6~11矫,17.1,4
林富,6~11矫,17.1,5
林富,6~11矫,17.1,1
林富,6~11矫,17.1,1
林富,6~11矫,17.1,2
林富,6~11矫,17.1,6
林富,6~11矫,17.1,3
林富,6~11矫,17.1,2
林富,6~11矫,17.1,5
林富,6~11矫,17.1,1
林富,6~11矫,17.1,2
林富,6~11矫,17.1,7
林富,6~11矫,17.1,1
林富,6~11矫,17.1,1
林富,6~11矫,17.1,5
林富,6~11矫,17.1,3
林富,6~11矫,17.1,2
林富,6~11矫,17.1,6
林富,6~11矫,17.1,6
林富,6~11矫,17.1,7
林富,6~11矫,17.1,4
林富,6~11矫,17.1,5
林富,6~11矫,17.1,2
林富,6~11矫,17.1,4
林富,6~11矫,17.1,3
林富,6~11矫,8.5,4
林富,6~11矫,8.5,2
林富,6~11矫,8.5,6
林富,6~11矫,8.5,4
林富,6~11矫,8.5,4
林富,6~11矫,8.5,2
林富,6~11矫,8.5,7
林富,6~11矫,8.5,3
林富,6~11矫,8.5,1
林富,6~11矫,8.5,7
林富,6~11矫,8.5,7
林富,6~11矫,8.5,1
林富,6~11矫,8.5,4
林富,6~11矫,8.5,5
林富,6~11矫,8.5,6
林富,6~11矫,8.5,1
林富,6~11矫,8.5,5
林富,6~11矫,8.5,1
林富,6~11矫,8.5,2
林富,6~11矫,8.5,4
林富,6~11矫,8.5,4
林富,6~11矫,8.5,6
林富,6~11矫,8.5,1
林富,6~11矫,8.5,2
林富,6~11矫,8.5,3
林富,6~11矫,8.5,7
林富,6~11矫,8.5,4
林富,6~11矫,8.5,5
林富,6~11矫,8.5,5
林富,6~11矫,8.5,1
林富,6~11矫,8.5,2
林富,6~11矫,8.5,7
林富,6~11矫,8.5,7
林富,6~11矫,8.5,1
林富,6~11矫,8.5,5
林富,6~11矫,8.5,5
林富,6~11矫,8.5,3
林富,6~11矫,8.5,6
林富,6~11矫,8.5,5
林富,6~11矫,8.5,7
林富,6~11矫,8.5,5
林富,6~11矫,8.5,5
林富,6~11矫,8.5,2
林富,6~11矫,8.5,3
林富,6~11矫,8.5,4
林富,6~11矫,8.6,4
林富,6~11矫,8.6,2
林富,6~11矫,8.6,6
林富,6~11矫,8.6,4
林富,6~11矫,8.6,4
林富,6~11矫,8.6,1
林富,6~11矫,8.6,7
林富,6~11矫,8.6,3
林富,6~11矫,8.6,1
林富,6~11矫,8.6,7
林富,6~11矫,8.6,7
林富,6~11矫,8.6,1
林富,6~11矫,8.6,4
林富,6~11矫,8.6,5
林富,6~11矫,8.6,5
林富,6~11矫,8.6,1
林富,6~11矫,8.6,6
林富,6~11矫,8.6,1
林富,6~11矫,8.6,2
林富,6~11矫,8.6,4
林富,6~11矫,8.6,4
林富,6~11矫,8.6,6
林富,6~11矫,8.6,1
林富,6~11矫,8.6,2
林富,6~11矫,8.6,3
林富,6~11矫,8.6,7
林富,6~11矫,8.6,4
林富,6~11矫,8.6,5
林富,6~11矫,8.6,5
林富,6~11矫,8.6,1
林富,6~11矫,8.6,2
林富,6~11矫,8.6,7
林富,6~11矫,8.6,7
林富,6~11矫,8.6,1
林富,6~11矫,8.6,6
林富,6~11矫,8.6,5
林富,6~11矫,8.6,3
林富,6~11矫,8.6,6
林富,6~11矫,8.6,6
林富,6~11矫,8.6,7
林富,6~11矫,8.6,5
林富,6~11矫,8.6,5
林富,6~11矫,8.6,2
林富,6~11矫,8.6,3
林富,6~11矫,8.6,4
林富,11~14矫,39.2,3
林富,11~14矫,39.2,3
林富,11~14矫,39.2,7
林富,11~14矫,39.2,5
林富,11~14矫,39.2,4
林富,11~14矫,39.2,2
林富,11~14矫,39.2,2
林富,11~14矫,39.2,6
林富,11~14矫,39.2,4
林富,11~14矫,39.2,5
林富,11~14矫,39.2,2
林富,11~14矫,39.2,1
林富,11~14矫,39.2,2
林富,11~14矫,39.2,2
林富,11~14矫,39.2,3
林富,11~14矫,39.2,2
林富,11~14矫,39.2,5
林富,11~14矫,39.2,1
林富,11~14矫,39.2,2
林富,11~14矫,39.2,1
林富,11~14矫,39.2,5
林富,11~14矫,39.2,2
林富,11~14矫,39.2,1
林富,11~14矫,39.2,1
林富,11~14矫,39.2,3
林富,11~14矫,39.2,1
林富,11~14矫,39.2,4
林富,11~14矫,39.2,1
林富,11~14矫,39.2,3
林富,11~14矫,39.2,3
林富,11~14矫,39.2,3
林富,11~14矫,39.2,4
林富,11~14矫,39.2,1
林富,11~14矫,39.2,2
林富,11~14矫,39.2,2
林富,11~14矫,39.2,2
林富,11~14矫,39.2,2
林富,11~14矫,39.2,7
林富,11~14矫,39.2,5
林富,11~14矫,39.2,6
林富,11~14矫,39.2,3
林富,11~14矫,39.2,5
林富,11~14矫,39.2,4
林富,11~14矫,39.2,5
林富,11~14矫,39.2,4
林富,11~14矫,27.3,3
林富,11~14矫,27.3,3
林富,11~14矫,27.3,7
林富,11~14矫,27.3,5
林富,11~14矫,27.3,4
林富,11~14矫,27.3,1
林富,11~14矫,27.3,2
林富,11~14矫,27.3,7
林富,11~14矫,27.3,5
林富,11~14矫,27.3,6
林富,11~14矫,27.3,6
林富,11~14矫,27.3,1
林富,11~14矫,27.3,2
林富,11~14矫,27.3,4
林富,11~14矫,27.3,5
林富,11~14矫,27.3,4
林富,11~14矫,27.3,7
林富,11~14矫,27.3,1
林富,11~14矫,27.3,2
林富,11~14矫,27.3,1
林富,11~14矫,27.3,5
林富,11~14矫,27.3,2
林富,11~14矫,27.3,1
林富,11~14矫,27.3,1
林富,11~14矫,27.3,3
林富,11~14矫,27.3,2
林富,11~14矫,27.3,5
林富,11~14矫,27.3,1
林富,11~14矫,27.3,4
林富,11~14矫,27.3,4
林富,11~14矫,27.3,4
林富,11~14矫,27.3,5
林富,11~14矫,27.3,7
林富,11~14矫,27.3,2
林富,11~14矫,27.3,2
林富,11~14矫,27.3,3
林富,11~14矫,27.3,2
林富,11~14矫,27.3,7
林富,11~14矫,27.3,5
林富,11~14矫,27.3,6
林富,11~14矫,27.3,3
林富,11~14矫,27.3,5
林富,11~14矫,27.3,5
林富,11~14矫,27.3,6
林富,11~14矫,27.3,5
林富,11~14矫,20.4,4
林富,11~14矫,20.4,3
林富,11~14矫,20.4,7
林富,11~14矫,20.4,2
林富,11~14矫,20.4,5
林富,11~14矫,20.4,2
林富,11~14矫,20.4,4
林富,11~14矫,20.4,7
林富,11~14矫,20.4,5
林富,11~14矫,20.4,6
林富,11~14矫,20.4,6
林富,11~14矫,20.4,1
林富,11~14矫,20.4,2
林富,11~14矫,20.4,5
林富,11~14矫,20.4,6
林富,11~14矫,20.4,6
林富,11~14矫,20.4,7
林富,11~14矫,20.4,1
林富,11~14矫,20.4,3
林富,11~14矫,20.4,1
林富,11~14矫,20.4,5
林富,11~14矫,20.4,3
林富,11~14矫,20.4,1
林富,11~14矫,20.4,2
林富,11~14矫,20.4,4
林富,11~14矫,20.4,2
林富,11~14矫,20.4,6
林富,11~14矫,20.4,1
林富,11~14矫,20.4,5
林富,11~14矫,20.4,5
林富,11~14矫,20.4,4
林富,11~14矫,20.4,6
林富,11~14矫,20.4,7
林富,11~14矫,20.4,3
林富,11~14矫,20.4,3
林富,11~14矫,20.4,5
林富,11~14矫,20.4,2
林富,11~14矫,20.4,7
林富,11~14矫,20.4,5
林富,11~14矫,20.4,6
林富,11~14矫,20.4,4
林富,11~14矫,20.4,5
林富,11~14矫,20.4,6
林富,11~14矫,20.4,5
林富,11~14矫,20.4,6
林富,14矫~17矫,75.9,3
林富,14矫~17矫,75.9,1
林富,14矫~17矫,75.9,3
林富,14矫~17矫,75.9,3
林富,14矫~17矫,75.9,2
林富,14矫~17矫,75.9,1
林富,14矫~17矫,75.9,1
林富,14矫~17矫,75.9,2
林富,14矫~17矫,75.9,5
林富,14矫~17矫,75.9,4
林富,14矫~17矫,75.9,1
林富,14矫~17矫,75.9,1
林富,14矫~17矫,75.9,1
林富,14矫~17矫,75.9,2
林富,14矫~17矫,75.9,2
林富,14矫~17矫,75.9,1
林富,14矫~17矫,75.9,4
林富,14矫~17矫,75.9,1
林富,14矫~17矫,75.9,2
林富,14矫~17矫,75.9,1
林富,14矫~17矫,75.9,6
林富,14矫~17矫,75.9,1
林富,14矫~17矫,75.9,1
林富,14矫~17矫,75.9,1
林富,14矫~17矫,75.9,4
林富,14矫~17矫,75.9,1
林富,14矫~17矫,75.9,2
林富,14矫~17矫,75.9,1
林富,14矫~17矫,75.9,2
林富,14矫~17矫,75.9,1
林富,14矫~17矫,75.9,2
林富,14矫~17矫,75.9,1
林富,14矫~17矫,75.9,1
林富,14矫~17矫,75.9,2
林富,14矫~17矫,75.9,6
林富,14矫~17矫,75.9,1
林富,14矫~17矫,75.9,1
林富,14矫~17矫,75.9,4
林富,14矫~17矫,75.9,4
林富,14矫~17矫,75.9,1
林富,14矫~17矫,75.9,1
林富,14矫~17矫,75.9,5
林富,14矫~17矫,75.9,2
林富,14矫~17矫,75.9,4
林富,14矫~17矫,75.9,2
林富,14矫~17矫,57.2,4
林富,14矫~17矫,57.2,2
林富,14矫~17矫,57.2,4
林富,14矫~17矫,57.2,2
林富,14矫~17矫,57.2,2
林富,14矫~17矫,57.2,2
林富,14矫~17矫,57.2,2
林富,14矫~17矫,57.2,5
林富,14矫~17矫,57.2,5
林富,14矫~17矫,57.2,5
林富,14矫~17矫,57.2,1
林富,14矫~17矫,57.2,1
林富,14矫~17矫,57.2,2
林富,14矫~17矫,57.2,3
林富,14矫~17矫,57.2,4
林富,14矫~17矫,57.2,3
林富,14矫~17矫,57.2,5
林富,14矫~17矫,57.2,1
林富,14矫~17矫,57.2,2
林富,14矫~17矫,57.2,1
林富,14矫~17矫,57.2,6
林富,14矫~17矫,57.2,1
林富,14矫~17矫,57.2,1
林富,14矫~17矫,57.2,1
林富,14矫~17矫,57.2,4
林富,14矫~17矫,57.2,1
林富,14矫~17矫,57.2,2
林富,14矫~17矫,57.2,1
林富,14矫~17矫,57.2,2
林富,14矫~17矫,57.2,1
林富,14矫~17矫,57.2,2
林富,14矫~17矫,57.2,1
林富,14矫~17矫,57.2,1
林富,14矫~17矫,57.2,2
林富,14矫~17矫,57.2,6
林富,14矫~17矫,57.2,1
林富,14矫~17矫,57.2,1
林富,14矫~17矫,57.2,5
林富,14矫~17矫,57.2,3
林富,14矫~17矫,57.2,1
林富,14矫~17矫,57.2,1
林富,14矫~17矫,57.2,5
林富,14矫~17矫,57.2,3
林富,14矫~17矫,57.2,4
林富,14矫~17矫,57.2,2
林富,14矫~17矫,41,3
林富,14矫~17矫,41,3
林富,14矫~17矫,41,3
林富,14矫~17矫,41,2
林富,14矫~17矫,41,3
林富,14矫~17矫,41,1
林富,14矫~17矫,41,2
林富,14矫~17矫,41,6
林富,14矫~17矫,41,6
林富,14矫~17矫,41,5
林富,14矫~17矫,41,1
林富,14矫~17矫,41,1
林富,14矫~17矫,41,3
林富,14矫~17矫,41,4
林富,14矫~17矫,41,5
林富,14矫~17矫,41,5
林富,14矫~17矫,41,7
林富,14矫~17矫,41,1
林富,14矫~17矫,41,2
林富,14矫~17矫,41,1
林富,14矫~17矫,41,7
林富,14矫~17矫,41,1
林富,14矫~17矫,41,1
林富,14矫~17矫,41,1
林富,14矫~17矫,41,4
林富,14矫~17矫,41,1
林富,14矫~17矫,41,4
林富,14矫~17矫,41,1
林富,14矫~17矫,41,2
林富,14矫~17矫,41,1
林富,14矫~17矫,41,2
林富,14矫~17矫,41,1
林富,14矫~17矫,41,1
林富,14矫~17矫,41,2
林富,14矫~17矫,41,6
林富,14矫~17矫,41,2
林富,14矫~17矫,41,2
林富,14矫~17矫,41,5
林富,14矫~17矫,41,3
林富,14矫~17矫,41,1
林富,14矫~17矫,41,1
林富,14矫~17矫,41,6
林富,14矫~17矫,41,4
林富,14矫~17矫,41,4
林富,14矫~17矫,41,2
林富,17~21矫,70.5,2
林富,17~21矫,70.5,2
林富,17~21矫,70.5,3
林富,17~21矫,70.5,3
林富,17~21矫,70.5,3
林富,17~21矫,70.5,2
林富,17~21矫,70.5,1
林富,17~21矫,70.5,1
林富,17~21矫,70.5,4
林富,17~21矫,70.5,3
林富,17~21矫,70.5,1
林富,17~21矫,70.5,1
林富,17~21矫,70.5,1
林富,17~21矫,70.5,2
林富,17~21矫,70.5,1
林富,17~21矫,70.5,1
林富,17~21矫,70.5,5
林富,17~21矫,70.5,1
林富,17~21矫,70.5,2
林富,17~21矫,70.5,1
林富,17~21矫,70.5,5
林富,17~21矫,70.5,1
林富,17~21矫,70.5,1
林富,17~21矫,70.5,1
林富,17~21矫,70.5,1
林富,17~21矫,70.5,1
林富,17~21矫,70.5,1
林富,17~21矫,70.5,1
林富,17~21矫,70.5,1
林富,17~21矫,70.5,1
林富,17~21矫,70.5,2
林富,17~21矫,70.5,1
林富,17~21矫,70.5,1
林富,17~21矫,70.5,2
林富,17~21矫,70.5,4
林富,17~21矫,70.5,1
林富,17~21矫,70.5,2
林富,17~21矫,70.5,4
林富,17~21矫,70.5,5
林富,17~21矫,70.5,4
林富,17~21矫,70.5,1
林富,17~21矫,70.5,5
林富,17~21矫,70.5,2
林富,17~21矫,70.5,5
林富,17~21矫,70.5,1
林富,17~21矫,25.4,3
林富,17~21矫,25.4,5
林富,17~21矫,25.4,6
林富,17~21矫,25.4,7
林富,17~21矫,25.4,7
林富,17~21矫,25.4,1
林富,17~21矫,25.4,7
林富,17~21矫,25.4,1
林富,17~21矫,25.4,7
林富,17~21矫,25.4,4
林富,17~21矫,25.4,1
林富,17~21矫,25.4,1
林富,17~21矫,25.4,2
林富,17~21矫,25.4,5
林富,17~21矫,25.4,6
林富,17~21矫,25.4,5
林富,17~21矫,25.4,7
林富,17~21矫,25.4,1
林富,17~21矫,25.4,3
林富,17~21矫,25.4,1
林富,17~21矫,25.4,6
林富,17~21矫,25.4,2
林富,17~21矫,25.4,1
林富,17~21矫,25.4,2
林富,17~21矫,25.4,1
林富,17~21矫,25.4,2
林富,17~21矫,25.4,5
林富,17~21矫,25.4,1
林富,17~21矫,25.4,1
林富,17~21矫,25.4,5
林富,17~21矫,25.4,6
林富,17~21矫,25.4,3
林富,17~21矫,25.4,1
林富,17~21矫,25.4,4
林富,17~21矫,25.4,6
林富,17~21矫,25.4,6
林富,17~21矫,25.4,3
林富,17~21矫,25.4,7
林富,17~21矫,25.4,6
林富,17~21矫,25.4,5
林富,17~21矫,25.4,4
林富,17~21矫,25.4,6
林富,17~21矫,25.4,4
林富,17~21矫,25.4,5
林富,17~21矫,25.4,5
林富,17~21矫,18.2,5
林富,17~21矫,18.2,5
林富,17~21矫,18.2,5
林富,17~21矫,18.2,7
林富,17~21矫,18.2,7
林富,17~21矫,18.2,2
林富,17~21矫,18.2,7
林富,17~21矫,18.2,1
林富,17~21矫,18.2,7
林富,17~21矫,18.2,4
林富,17~21矫,18.2,1
林富,17~21矫,18.2,1
林富,17~21矫,18.2,4
林富,17~21矫,18.2,5
林富,17~21矫,18.2,7
林富,17~21矫,18.2,5
林富,17~21矫,18.2,7
林富,17~21矫,18.2,1
林富,17~21矫,18.2,3
林富,17~21矫,18.2,4
林富,17~21矫,18.2,7
林富,17~21矫,18.2,2
林富,17~21矫,18.2,1
林富,17~21矫,18.2,2
林富,17~21矫,18.2,1
林富,17~21矫,18.2,4
林富,17~21矫,18.2,7
林富,17~21矫,18.2,1
林富,17~21矫,18.2,4
林富,17~21矫,18.2,6
林富,17~21矫,18.2,7
林富,17~21矫,18.2,3
林富,17~21矫,18.2,1
林富,17~21矫,18.2,5
林富,17~21矫,18.2,7
林富,17~21矫,18.2,7
林富,17~21矫,18.2,5
林富,17~21矫,18.2,7
林富,17~21矫,18.2,6
林富,17~21矫,18.2,6
林富,17~21矫,18.2,4
林富,17~21矫,18.2,6
林富,17~21矫,18.2,4
林富,17~21矫,18.2,6
林富,17~21矫,18.2,6
林富,21~24矫,4.9,3
林富,21~24矫,4.9,4
林富,21~24矫,4.9,3
林富,21~24矫,4.9,3
林富,21~24矫,4.9,5
林富,21~24矫,4.9,1
林富,21~24矫,4.9,7
林富,21~24矫,4.9,1
林富,21~24矫,4.9,7
林富,21~24矫,4.9,3
林富,21~24矫,4.9,1
林富,21~24矫,4.9,6
林富,21~24矫,4.9,5
林富,21~24矫,4.9,5
林富,21~24矫,4.9,5
林富,21~24矫,4.9,3
林富,21~24矫,4.9,7
林富,21~24矫,4.9,5
林富,21~24矫,4.9,5
林富,21~24矫,4.9,6
林富,21~24矫,4.9,7
林富,21~24矫,4.9,6
林富,21~24矫,4.9,1
林富,21~24矫,4.9,3
林富,21~24矫,4.9,1
林富,21~24矫,4.9,5
林富,21~24矫,4.9,7
林富,21~24矫,4.9,1
林富,21~24矫,4.9,2
林富,21~24矫,4.9,1
林富,21~24矫,4.9,2
林富,21~24矫,4.9,6
林富,21~24矫,4.9,1
林富,21~24矫,4.9,6
林富,21~24矫,4.9,6
林富,21~24矫,4.9,2
林富,21~24矫,4.9,5
林富,21~24矫,4.9,5
林富,21~24矫,4.9,6
林富,21~24矫,4.9,7
林富,21~24矫,4.9,4
林富,21~24矫,4.9,6
林富,21~24矫,4.9,2
林富,21~24矫,4.9,4
林富,21~24矫,4.9,3
林富,21~24矫,0.5,3
林富,21~24矫,0.5,5
林富,21~24矫,0.5,2
林富,21~24矫,0.5,2
林富,21~24矫,0.5,2
林富,21~24矫,0.5,2
林富,21~24矫,0.5,7
林富,21~24矫,0.5,1
林富,21~24矫,0.5,7
林富,21~24矫,0.5,3
林富,21~24矫,0.5,1
林富,21~24矫,0.5,7
林富,21~24矫,0.5,5
林富,21~24矫,0.5,5
林富,21~24矫,0.5,7
林富,21~24矫,0.5,4
林富,21~24矫,0.5,7
林富,21~24矫,0.5,5
林富,21~24矫,0.5,6
林富,21~24矫,0.5,7
林富,21~24矫,0.5,7
林富,21~24矫,0.5,7
林富,21~24矫,0.5,1
林富,21~24矫,0.5,3
林富,21~24矫,0.5,6
林富,21~24矫,0.5,6
林富,21~24矫,0.5,7
林富,21~24矫,0.5,6
林富,21~24矫,0.5,2
林富,21~24矫,0.5,1
林富,21~24矫,0.5,2
林富,21~24矫,0.5,7
林富,21~24矫,0.5,1
林富,21~24矫,0.5,7
林富,21~24矫,0.5,6
林富,21~24矫,0.5,2
林富,21~24矫,0.5,6
林富,21~24矫,0.5,5
林富,21~24矫,0.5,7
林富,21~24矫,0.5,7
林富,21~24矫,0.5,4
林富,21~24矫,0.5,6
林富,21~24矫,0.5,2
林富,21~24矫,0.5,4
林富,21~24矫,0.5,3
林富,21~24矫,0.3,3
林富,21~24矫,0.3,6
林富,21~24矫,0.3,2
林富,21~24矫,0.3,2
林富,21~24矫,0.3,2
林富,21~24矫,0.3,1
林富,21~24矫,0.3,7
林富,21~24矫,0.3,1
林富,21~24矫,0.3,7
林富,21~24矫,0.3,3
林富,21~24矫,0.3,1
林富,21~24矫,0.3,7
林富,21~24矫,0.3,6
林富,21~24矫,0.3,6
林富,21~24矫,0.3,7
林富,21~24矫,0.3,6
林富,21~24矫,0.3,7
林富,21~24矫,0.3,7
林富,21~24矫,0.3,7
林富,21~24矫,0.3,7
林富,21~24矫,0.3,7
林富,21~24矫,0.3,7
林富,21~24矫,0.3,1
林富,21~24矫,0.3,4
林富,21~24矫,0.3,6
林富,21~24矫,0.3,6
林富,21~24矫,0.3,7
林富,21~24矫,0.3,6
林富,21~24矫,0.3,2
林富,21~24矫,0.3,1
林富,21~24矫,0.3,2
林富,21~24矫,0.3,7
林富,21~24矫,0.3,1
林富,21~24矫,0.3,7
林富,21~24矫,0.3,6
林富,21~24矫,0.3,3
林富,21~24矫,0.3,6
林富,21~24矫,0.3,5
林富,21~24矫,0.3,7
林富,21~24矫,0.3,7
林富,21~24矫,0.3,4
林富,21~24矫,0.3,6
林富,21~24矫,0.3,3
林富,21~24矫,0.3,3
林富,21~24矫,0.3,3
